"File","Year","Month","Site","Sample","SampleType","SampleArea","AreaUnits","Count","Biomass","MPA","DistanceFromBorder"
"Karimunjawa-Parang-Kumbang-Cheilinus_undulatus_DensityData.csv","2005",-999,"Kumbang1-1","1","Transect","250","m2","0","0","1","-999"
"Karimunjawa-Parang-Kumbang-Cheilinus_undulatus_DensityData.csv","2005",-999,"Kumbang1-2","2","Transect","250","m2","0","0","1","-999"
"Karimunjawa-Parang-Kumbang-Cheilinus_undulatus_DensityData.csv","2005",-999,"Kumbang2-1","3","Transect","250","m2","0","0","1","-999"
"Karimunjawa-Parang-Kumbang-Cheilinus_undulatus_DensityData.csv","2005",-999,"Kumbang2-2","4","Transect","250","m2","1","16332.7449990054","1","-999"
"Karimunjawa-Parang-Kumbang-Cheilinus_undulatus_DensityData.csv","2005",-999,"Kumbang3-2","5","Transect","250","m2","0","0","1","-999"
"Karimunjawa-Parang-Kumbang-Cheilinus_undulatus_DensityData.csv","2005",-999,"Kumbang3-1","6","Transect","250","m2","1","1249.00146298153","1","-999"
"Karimunjawa-Parang-Kumbang-Cheilinus_undulatus_DensityData.csv","2005",-999,"Parang1-1","7","Transect","250","m2","0","0","0","-999"
"Karimunjawa-Parang-Kumbang-Cheilinus_undulatus_DensityData.csv","2005",-999,"Parang1-2","8","Transect","250","m2","0","0","0","-999"
"Karimunjawa-Parang-Kumbang-Cheilinus_undulatus_DensityData.csv","2005",-999,"Parang2-2","9","Transect","250","m2","0","0","0","-999"
"Karimunjawa-Parang-Kumbang-Cheilinus_undulatus_DensityData.csv","2005",-999,"Parang2-1","10","Transect","250","m2","0","0","0","-999"
"Karimunjawa-Parang-Kumbang-Cheilinus_undulatus_DensityData.csv","2006",-999,"Kumbang1-1","11","Transect","250","m2","0","0","1","-999"
"Karimunjawa-Parang-Kumbang-Cheilinus_undulatus_DensityData.csv","2006",-999,"Kumbang1-2","12","Transect","250","m2","0","0","1","-999"
"Karimunjawa-Parang-Kumbang-Cheilinus_undulatus_DensityData.csv","2006",-999,"Kumbang2-2","13","Transect","250","m2","1","16332.7449990054","1","-999"
"Karimunjawa-Parang-Kumbang-Cheilinus_undulatus_DensityData.csv","2006",-999,"Kumbang2-1","14","Transect","250","m2","0","0","1","-999"
"Karimunjawa-Parang-Kumbang-Cheilinus_undulatus_DensityData.csv","2006",-999,"Kumbang3-1","15","Transect","250","m2","1","1249.00146298153","1","-999"
"Karimunjawa-Parang-Kumbang-Cheilinus_undulatus_DensityData.csv","2006",-999,"Kumbang3-2","16","Transect","250","m2","0","0","1","-999"
"Karimunjawa-Parang-Kumbang-Cheilinus_undulatus_DensityData.csv","2006",-999,"Parang1-2","17","Transect","250","m2","0","0","0","-999"
"Karimunjawa-Parang-Kumbang-Cheilinus_undulatus_DensityData.csv","2006",-999,"Parang1-1","18","Transect","250","m2","0","0","0","-999"
"Karimunjawa-Parang-Kumbang-Cheilinus_undulatus_DensityData.csv","2006",-999,"Parang2-1","19","Transect","250","m2","0","0","0","-999"
"Karimunjawa-Parang-Kumbang-Cheilinus_undulatus_DensityData.csv","2006",-999,"Parang2-2","20","Transect","250","m2","0","0","0","-999"
"Karimunjawa-Parang-Kumbang-Cheilinus_undulatus_DensityData.csv","2007",-999,"Kumbang1-2","21","Transect","250","m2","0","0","1","-999"
"Karimunjawa-Parang-Kumbang-Cheilinus_undulatus_DensityData.csv","2007",-999,"Kumbang1-1","22","Transect","250","m2","0","0","1","-999"
"Karimunjawa-Parang-Kumbang-Cheilinus_undulatus_DensityData.csv","2007",-999,"Kumbang2-2","23","Transect","250","m2","1","16332.7449990054","1","-999"
"Karimunjawa-Parang-Kumbang-Cheilinus_undulatus_DensityData.csv","2007",-999,"Kumbang2-1","24","Transect","250","m2","0","0","1","-999"
"Karimunjawa-Parang-Kumbang-Cheilinus_undulatus_DensityData.csv","2007",-999,"Kumbang3-1","25","Transect","250","m2","1","1249.00146298153","1","-999"
"Karimunjawa-Parang-Kumbang-Cheilinus_undulatus_DensityData.csv","2007",-999,"Kumbang3-2","26","Transect","250","m2","0","0","1","-999"
"Karimunjawa-Parang-Kumbang-Cheilinus_undulatus_DensityData.csv","2007",-999,"Parang1-2","27","Transect","250","m2","0","0","0","-999"
"Karimunjawa-Parang-Kumbang-Cheilinus_undulatus_DensityData.csv","2007",-999,"Parang1-1","28","Transect","250","m2","0","0","0","-999"
"Karimunjawa-Parang-Kumbang-Cheilinus_undulatus_DensityData.csv","2007",-999,"Parang2-1","29","Transect","250","m2","0","0","0","-999"
"Karimunjawa-Parang-Kumbang-Cheilinus_undulatus_DensityData.csv","2007",-999,"Parang2-2","30","Transect","250","m2","0","0","0","-999"
"Karimunjawa-Parang-Kumbang-Cheilinus_undulatus_DensityData.csv","2009",-999,"Kumbang1-3","31","Transect","250","m2","0","0","1","-999"
"Karimunjawa-Parang-Kumbang-Cheilinus_undulatus_DensityData.csv","2009",-999,"Kumbang1-4","32","Transect","250","m2","0","0","1","-999"
"Karimunjawa-Parang-Kumbang-Cheilinus_undulatus_DensityData.csv","2009",-999,"Kumbang1-1","33","Transect","250","m2","0","0","1","-999"
"Karimunjawa-Parang-Kumbang-Cheilinus_undulatus_DensityData.csv","2009",-999,"Kumbang1-2","34","Transect","250","m2","0","0","1","-999"
"Karimunjawa-Parang-Kumbang-Cheilinus_undulatus_DensityData.csv","2009","05","Kumbang1-1","35","Transect","250","m2","0","0","1","-999"
"Karimunjawa-Parang-Kumbang-Cheilinus_undulatus_DensityData.csv","2009","05","Kumbang1-2","36","Transect","250","m2","0","0","1","-999"
"Karimunjawa-Parang-Kumbang-Cheilinus_undulatus_DensityData.csv","2009",-999,"Kumbang2-1","37","Transect","250","m2","0","0","1","-999"
"Karimunjawa-Parang-Kumbang-Cheilinus_undulatus_DensityData.csv","2009",-999,"Kumbang2-2","38","Transect","250","m2","1","16332.7449990054","1","-999"
"Karimunjawa-Parang-Kumbang-Cheilinus_undulatus_DensityData.csv","2009",-999,"Kumbang2-3","39","Transect","250","m2","5","42337.5554368931","1","-999"
"Karimunjawa-Parang-Kumbang-Cheilinus_undulatus_DensityData.csv","2009",-999,"Kumbang2-4","40","Transect","250","m2","0","0","1","-999"
"Karimunjawa-Parang-Kumbang-Cheilinus_undulatus_DensityData.csv","2009","05","Kumbang2-3","41","Transect","250","m2","5","42337.5554368931","1","-999"
"Karimunjawa-Parang-Kumbang-Cheilinus_undulatus_DensityData.csv","2009",-999,"Kumbang3-1","42","Transect","250","m2","1","1249.00146298153","1","-999"
"Karimunjawa-Parang-Kumbang-Cheilinus_undulatus_DensityData.csv","2009",-999,"Kumbang3-3","43","Transect","250","m2","0","0","1","-999"
"Karimunjawa-Parang-Kumbang-Cheilinus_undulatus_DensityData.csv","2009",-999,"Kumbang3-2","44","Transect","250","m2","0","0","1","-999"
"Karimunjawa-Parang-Kumbang-Cheilinus_undulatus_DensityData.csv","2009",-999,"Kumbang3-4","45","Transect","250","m2","0","0","1","-999"
"Karimunjawa-Parang-Kumbang-Cheilinus_undulatus_DensityData.csv","2009","05","Kumbang3-1","46","Transect","250","m2","1","1249.00146298153","1","-999"
"Karimunjawa-Parang-Kumbang-Cheilinus_undulatus_DensityData.csv","2009","05","Kumbang3-2","47","Transect","250","m2","0","0","1","-999"
"Karimunjawa-Parang-Kumbang-Cheilinus_undulatus_DensityData.csv","2009","05","Kumbang3-3","48","Transect","250","m2","0","0","1","-999"
"Karimunjawa-Parang-Kumbang-Cheilinus_undulatus_DensityData.csv","2009","05","Kumbang3-4","49","Transect","250","m2","0","0","1","-999"
"Karimunjawa-Parang-Kumbang-Cheilinus_undulatus_DensityData.csv","2009",-999,"Parang1-2","50","Transect","250","m2","0","0","0","-999"
"Karimunjawa-Parang-Kumbang-Cheilinus_undulatus_DensityData.csv","2009",-999,"Parang1-3","51","Transect","250","m2","0","0","0","-999"
"Karimunjawa-Parang-Kumbang-Cheilinus_undulatus_DensityData.csv","2009",-999,"Parang1-4","52","Transect","250","m2","0","0","0","-999"
"Karimunjawa-Parang-Kumbang-Cheilinus_undulatus_DensityData.csv","2009",-999,"Parang1-1","53","Transect","250","m2","0","0","0","-999"
"Karimunjawa-Parang-Kumbang-Cheilinus_undulatus_DensityData.csv","2009",-999,"Parang2-2","54","Transect","250","m2","0","0","0","-999"
"Karimunjawa-Parang-Kumbang-Cheilinus_undulatus_DensityData.csv","2009",-999,"Parang2-3","55","Transect","250","m2","0","0","0","-999"
"Karimunjawa-Parang-Kumbang-Cheilinus_undulatus_DensityData.csv","2009",-999,"Parang2-1","56","Transect","250","m2","0","0","0","-999"
"Karimunjawa-Parang-Kumbang-Cheilinus_undulatus_DensityData.csv","2009",-999,"Parang2-4","57","Transect","250","m2","1","1554.76374977687","0","-999"
"Karimunjawa-Parang-Kumbang-Cheilinus_undulatus_DensityData.csv","2009","04","Parang2-3","58","Transect","250","m2","0","0","0","-999"
"Karimunjawa-Parang-Kumbang-Cheilinus_undulatus_DensityData.csv","2009","04","Parang2-4","59","Transect","250","m2","1","1554.76374977687","0","-999"
"Karimunjawa-Parang-Kumbang-Cheilinus_undulatus_DensityData.csv","2012",-999,"Kumbang3-1","60","Transect","250","m2","1","1249.00146298153","1","-999"
"Karimunjawa-Parang-Kumbang-Cheilinus_undulatus_DensityData.csv","2012",-999,"Kumbang3-2","61","Transect","250","m2","0","0","1","-999"
"Karimunjawa-Parang-Kumbang-Cheilinus_undulatus_DensityData.csv","2012",-999,"Kumbang3-3","62","Transect","250","m2","0","0","1","-999"
"Karimunjawa-Parang-Kumbang-Cheilinus_undulatus_DensityData.csv","2012","03","Kumbang3-1","63","Transect","250","m2","1","1249.00146298153","1","-999"
"Karimunjawa-Parang-Kumbang-Cheilinus_undulatus_DensityData.csv","2012","03","Kumbang3-2","64","Transect","250","m2","0","0","1","-999"
"Karimunjawa-Parang-Kumbang-Cheilinus_undulatus_DensityData.csv","2012","03","Kumbang3-3","65","Transect","250","m2","0","0","1","-999"
"Karimunjawa-Parang-Kumbang-Cheilinus_undulatus_DensityData.csv","2012",-999,"Kumbang2-1","66","Transect","250","m2","0","0","1","-999"
"Karimunjawa-Parang-Kumbang-Cheilinus_undulatus_DensityData.csv","2012",-999,"Kumbang2-2","67","Transect","250","m2","1","16332.7449990054","1","-999"
"Karimunjawa-Parang-Kumbang-Cheilinus_undulatus_DensityData.csv","2012",-999,"Kumbang2-3","68","Transect","250","m2","5","42337.5554368931","1","-999"
"Karimunjawa-Parang-Kumbang-Cheilinus_undulatus_DensityData.csv","2012","03","Kumbang2-3","69","Transect","250","m2","5","42337.5554368931","1","-999"
"Karimunjawa-Parang-Kumbang-Cheilinus_undulatus_DensityData.csv","2012",-999,"Kumbang1-1","70","Transect","250","m2","0","0","1","-999"
"Karimunjawa-Parang-Kumbang-Cheilinus_undulatus_DensityData.csv","2012",-999,"Kumbang1-2","71","Transect","250","m2","0","0","1","-999"
"Karimunjawa-Parang-Kumbang-Cheilinus_undulatus_DensityData.csv","2012",-999,"Kumbang1-3","72","Transect","250","m2","0","0","1","-999"
"Karimunjawa-Parang-Kumbang-Cheilinus_undulatus_DensityData.csv","2012","03","Kumbang1-1","73","Transect","250","m2","0","0","1","-999"
"Karimunjawa-Parang-Kumbang-Cheilinus_undulatus_DensityData.csv","2012","03","Kumbang1-2","74","Transect","250","m2","0","0","1","-999"
"Karimunjawa-Parang-Kumbang-Cheilinus_undulatus_DensityData.csv","2012","03","Kumbang1-3","75","Transect","250","m2","0","0","1","-999"
"Karimunjawa-Parang-Kumbang-Cheilinus_undulatus_DensityData.csv","2012",-999,"Parang1-3","76","Transect","250","m2","0","0","0","-999"
"Karimunjawa-Parang-Kumbang-Cheilinus_undulatus_DensityData.csv","2012",-999,"Parang1-2","77","Transect","250","m2","0","0","0","-999"
"Karimunjawa-Parang-Kumbang-Cheilinus_undulatus_DensityData.csv","2012",-999,"Parang1-1","78","Transect","250","m2","0","0","0","-999"
"Karimunjawa-Parang-Kumbang-Cheilinus_undulatus_DensityData.csv","2012",-999,"Parang2-3","79","Transect","250","m2","0","0","0","-999"
"Karimunjawa-Parang-Kumbang-Cheilinus_undulatus_DensityData.csv","2012",-999,"Parang2-2","80","Transect","250","m2","0","0","0","-999"
"Karimunjawa-Parang-Kumbang-Cheilinus_undulatus_DensityData.csv","2012",-999,"Parang2-1","81","Transect","250","m2","0","0","0","-999"
"Karimunjawa-Parang-Kumbang-Cheilinus_undulatus_DensityData.csv","2012",-999,"Parang1-3","82","Transect","250","m2","0","0","0","-999"
"Karimunjawa-Parang-Kumbang-Cheilinus_undulatus_DensityData.csv","2012","04","Parang1-3","83","Transect","250","m2","0","0","0","-999"
"Karimunjawa-Parang-Kumbang-Cheilinus_undulatus_DensityData.csv","2012","04","Parang1-2","84","Transect","250","m2","0","0","0","-999"
"Karimunjawa-Parang-Kumbang-Cheilinus_undulatus_DensityData.csv","2012",-999,"Parang1-2","85","Transect","250","m2","0","0","0","-999"
"Karimunjawa-Parang-Kumbang-Cheilinus_undulatus_DensityData.csv","2012",-999,"Parang1-1","86","Transect","250","m2","0","0","0","-999"
"Karimunjawa-Parang-Kumbang-Cheilinus_undulatus_DensityData.csv","2012","04","Parang1-1","87","Transect","250","m2","0","0","0","-999"
"Karimunjawa-Parang-Kumbang-Cheilinus_undulatus_DensityData.csv","2012",-999,"Parang2-3","88","Transect","250","m2","0","0","0","-999"
"Karimunjawa-Parang-Kumbang-Cheilinus_undulatus_DensityData.csv","2012","04","Parang2-3","89","Transect","250","m2","0","0","0","-999"
"Karimunjawa-Parang-Kumbang-Cheilinus_undulatus_DensityData.csv","2012",-999,"Parang2-2","90","Transect","250","m2","0","0","0","-999"
"Karimunjawa-Parang-Kumbang-Cheilinus_undulatus_DensityData.csv","2012","04","Parang2-2","91","Transect","250","m2","0","0","0","-999"
"Karimunjawa-Parang-Kumbang-Cheilinus_undulatus_DensityData.csv","2012",-999,"Parang2-1","92","Transect","250","m2","0","0","0","-999"
"Karimunjawa-Parang-Kumbang-Cheilinus_undulatus_DensityData.csv","2012","04","Parang2-1","93","Transect","250","m2","0","0","0","-999"
"Karimunjawa-Parang-Kumbang-Cheilinus_undulatus_DensityData.csv","2012",-999,"Kumbang1-3","94","Transect","250","m2","0","0","1","-999"
"Karimunjawa-Parang-Kumbang-Cheilinus_undulatus_DensityData.csv","2012",-999,"Kumbang1-2","95","Transect","250","m2","0","0","1","-999"
"Karimunjawa-Parang-Kumbang-Cheilinus_undulatus_DensityData.csv","2012",-999,"Kumbang1-1","96","Transect","250","m2","0","0","1","-999"
"Karimunjawa-Parang-Kumbang-Cheilinus_undulatus_DensityData.csv","2012",-999,"Kumbang2-3","97","Transect","250","m2","5","42337.5554368931","1","-999"
"Karimunjawa-Parang-Kumbang-Cheilinus_undulatus_DensityData.csv","2012",-999,"Kumbang2-2","98","Transect","250","m2","1","16332.7449990054","1","-999"
"Karimunjawa-Parang-Kumbang-Cheilinus_undulatus_DensityData.csv","2012","03","Kumbang2-2","99","Transect","250","m2","1","16332.7449990054","1","-999"
"Karimunjawa-Parang-Kumbang-Cheilinus_undulatus_DensityData.csv","2012",-999,"Kumbang2-1","100","Transect","250","m2","0","0","1","-999"
"Karimunjawa-Parang-Kumbang-Cheilinus_undulatus_DensityData.csv","2012","03","Kumbang2-1","101","Transect","250","m2","0","0","1","-999"
"Karimunjawa-Parang-Kumbang-Cheilinus_undulatus_DensityData.csv","2012",-999,"Kumbang3-3","102","Transect","250","m2","0","0","1","-999"
"Karimunjawa-Parang-Kumbang-Cheilinus_undulatus_DensityData.csv","2012",-999,"Kumbang3-2","103","Transect","250","m2","0","0","1","-999"
"Karimunjawa-Parang-Kumbang-Cheilinus_undulatus_DensityData.csv","2012",-999,"Kumbang3-1","104","Transect","250","m2","1","1249.00146298153","1","-999"
"Karimunjawa-Parang-Kumbang-Cheilinus_undulatus_DensityData.csv","2004",-999,"Kumbang1-1","105","Transect","250","m2","0","0","1","-999"
"Karimunjawa-Parang-Kumbang-Cheilinus_undulatus_DensityData.csv","2004",-999,"Kumbang1-3","106","Transect","250","m2","0","0","1","-999"
"Karimunjawa-Parang-Kumbang-Cheilinus_undulatus_DensityData.csv","2004",-999,"Kumbang1-2","107","Transect","250","m2","0","0","1","-999"
"Karimunjawa-Parang-Kumbang-Cheilinus_undulatus_DensityData.csv","2004",-999,"Kumbang3-1","108","Transect","250","m2","1","1249.00146298153","1","-999"
"Karimunjawa-Parang-Kumbang-Cheilinus_undulatus_DensityData.csv","2004",-999,"Kumbang3-2","109","Transect","250","m2","0","0","1","-999"
"Karimunjawa-Parang-Kumbang-Cheilinus_undulatus_DensityData.csv","2004",-999,"Kumbang3-3","110","Transect","250","m2","0","0","1","-999"
"Karimunjawa-Parang-Kumbang-Cheilinus_undulatus_DensityData.csv","2004",-999,"Parang1-2","111","Transect","250","m2","0","0","0","-999"
"Karimunjawa-Parang-Kumbang-Cheilinus_undulatus_DensityData.csv","2004",-999,"Parang1-3","112","Transect","250","m2","0","0","0","-999"
"Karimunjawa-Parang-Kumbang-Cheilinus_undulatus_DensityData.csv","2004",-999,"Parang1-1","113","Transect","250","m2","0","0","0","-999"
